,cell_id,fp_muts_count,fp_muts_ratio_per_cell,total_ones_muts,total_zeros_muts,total_coverage_muts
0,Org4S15D63_AAACCCAAGCTTAGTC-1,0,0.0,2,4,6
1,Org4S15D63_AAAGGATCAGCTGTAT-1,1,0.5,2,5,7
2,Org4S15D63_ACGGGTCTCAGGACAG-1,0,0.0,3,3,6
3,Org4S15D63_AGGAGGTAGCCGTAAG-1,0,0.0,1,5,6
4,Org4S15D63_AGGGTTTAGCACTTTG-1,1,0.5,2,4,6
5,Org4S15D63_AGGTGTTTCCAATGCA-1,1,0.5,2,4,6
6,Org4S15D63_AGTAACCCAGTCTGGC-1,0,0.0,3,5,8
7,Org4S15D63_AGTACTGAGTAAACGT-1,0,0.0,2,5,7
8,Org4S15D63_ATCGGCGTCGACATCA-1,1,0.3333333333333333,3,3,6
9,Org4S15D63_ATGCCTCGTATTCCTT-1,1,0.5,2,4,6
10,Org4S15D63_ATTCCCGTCACCTGGG-1,1,0.3333333333333333,3,5,8
11,Org4S15D63_CAAGGGATCCTACGGG-1,1,0.5,2,6,8
12,Org4S15D63_CAATGACCACATTACG-1,1,0.5,2,6,8
13,Org4S15D63_CACAGGCTCCTGGTCT-1,0,0.0,2,6,8
14,Org4S15D63_CACTGAATCACCTTAT-1,1,0.3333333333333333,3,3,6
15,Org4S15D63_CAGTTCCCAACTCCAA-1,1,0.5,2,5,7
16,Org4S15D63_CATACAGCAATAAGGT-1,1,0.5,2,6,8
17,Org4S15D63_CCAATGACAGTATGAA-1,0,0.0,1,4,5
18,Org4S15D63_CCCTCTCTCTTAGCAG-1,1,0.3333333333333333,3,5,8
19,Org4S15D63_CCGTTCAGTGAAGCGT-1,1,0.5,2,5,7
20,Org4S15D63_CCTCCTCTCCTTATGT-1,1,0.5,2,6,8
21,Org4S15D63_CCTTCAGGTACTCAAC-1,0,0.0,3,4,7
22,Org4S15D63_CTCTCAGAGTTACTCG-1,1,0.3333333333333333,3,4,7
23,Org4S15D63_CTTCCGATCGTTGCCT-1,0,0.0,1,6,7
24,Org4S15D63_CTTCTAATCAACCGAT-1,1,0.5,2,4,6
25,Org4S15D63_GAAGCGACAGCACGAA-1,0,0.0,1,6,7
26,Org4S15D63_GACCCTTCATCGATCA-1,1,0.5,2,6,8
27,Org4S15D63_GACGTTAAGTTCCGTA-1,1,0.5,2,4,6
28,Org4S15D63_GAGCTGCGTTCAATCG-1,1,0.3333333333333333,3,5,8
29,Org4S15D63_GATGCTATCTACTATC-1,1,0.5,2,5,7
30,Org4S15D63_GCATGATTCGGAGATG-1,1,0.3333333333333333,3,4,7
31,Org4S15D63_GCTGCAGTCAAGGAGC-1,1,0.5,2,4,6
32,Org4S15D63_GTCTTTAAGGATTTAG-1,0,0.0,3,5,8
33,Org4S15D63_GTGCGTGGTGGTACAG-1,0,0.0,1,3,4
34,Org4S15D63_TACCGGGTCGAGAAAT-1,1,0.5,2,5,7
35,Org4S15D63_TATCTTGAGGAGGTTC-1,0,0.0,3,4,7
36,Org4S15D63_TATTTCGAGTTACGAA-1,1,0.3333333333333333,3,5,8
37,Org4S15D63_TCAATTCTCGGAGTAG-1,1,0.3333333333333333,3,4,7
38,Org4S15D63_TCACGCTGTAACTTCG-1,1,0.3333333333333333,3,5,8
39,Org4S15D63_TCACGGGGTAGCGCTC-1,0,0.0,1,6,7
40,Org4S15D63_TCATTGTGTAGGCAGT-1,1,0.5,2,5,7
41,Org4S15D63_TCCCAGTAGACAGCGT-1,2,0.6666666666666666,3,3,6
42,Org4S15D63_TCCCATGAGACTGGGT-1,1,0.3333333333333333,3,4,7
43,Org4S15D63_TCGCTTGTCGGTCTGG-1,1,0.3333333333333333,3,4,7
44,Org4S15D63_TCTATACGTCGCAGTC-1,1,0.5,2,6,8
45,Org4S15D63_TCTGTCGCAGTAACCT-1,0,0.0,3,4,7
46,Org4S15D63_TGAACGTAGGACTAAT-1,1,0.3333333333333333,3,5,8
47,Org4S15D63_TGAATCGCACGCTTAA-1,1,0.5,2,5,7
48,Org4S15D63_TGAATCGTCAGTCAGT-1,1,0.3333333333333333,3,5,8
49,Org4S15D63_TGGGAAGCATAACCCA-1,1,0.3333333333333333,3,4,7
50,Org4S15D63_TTCATTGTCCTGCTAC-1,1,0.5,2,5,7
51,Org4S15D63_TTCGGTCAGATTGGGC-1,1,0.5,2,5,7
52,Org4S15D63_TTCTGTAAGTCTCCTC-1,1,0.5,2,6,8
53,Org4S15D63_TTCTGTATCGCCGAGT-1,0,0.0,2,6,8
54,Org4S15D63_AAACCCAAGTGGGAAA-1,1,0.5,2,6,8
55,Org4S15D63_CAAGAGGGTCGAGTGA-1,1,0.5,2,4,6
56,Org4S15D63_GACTTCCTCTGCGATA-1,1,0.5,2,5,7
57,Org4S15D63_GAGACCCAGAGCGACT-1,1,0.5,2,6,8
58,Org4S15D63_GCATCTCCACCCAAGC-1,1,0.5,2,4,6
59,Org4S15D63_GCCATTCCATCCGGCA-1,1,0.3333333333333333,3,5,8
60,Org4S15D63_GCCGTGAGTGCTGCAC-1,1,0.3333333333333333,3,4,7
61,Org4S15D63_TATTGCTTCCTGTACC-1,1,0.5,2,4,6
62,Org4S15D63_TCAGGGCTCATGCATG-1,1,0.3333333333333333,3,3,6
63,Org4S15D63_TGATTCTCATCTAACG-1,1,0.5,2,5,7
64,Org4S15D63_AGACCATCAGGGCTTC-1,1,0.5,2,5,7
65,Org4S15D63_AGGCATTGTCATCGCG-1,0,0.0,3,5,8
66,Org4S15D63_ATGGATCTCCTCGATC-1,1,0.5,2,5,7
67,Org4S15D63_CAACCAATCTCGACCT-1,0,0.0,2,6,8
68,Org4S15D63_CAACGGCGTGGTCCCA-1,1,0.3333333333333333,3,5,8
69,Org4S15D63_CACTGGGTCTACGCGG-1,0,0.0,3,3,6
70,Org4S15D63_CAGATTGTCCTTGGAA-1,0,0.0,3,4,7
71,Org4S15D63_CATCGGGAGCGGCTCT-1,0,0.0,2,6,8
72,Org4S15D63_CCACACTCAGGCTTGC-1,1,0.5,2,5,7
73,Org4S15D63_CCGGTAGTCCATATGG-1,0,0.0,3,4,7
74,Org4S15D63_CGTGCTTAGAGTCGAC-1,1,0.5,2,3,5
75,Org4S15D63_GGGTTTATCCCATGGG-1,0,0.0,4,4,8
76,Org4S15D63_TAAGTCGTCTATCCAT-1,1,0.3333333333333333,3,4,7
77,Org4S15D63_TATCCTATCCGATTAG-1,1,0.5,2,5,7
78,Org4S15D63_TGCTTCGGTCCAATCA-1,1,0.3333333333333333,3,4,7
79,Org4S15D63_TTGGGTAAGTATGGAT-1,1,0.5,2,5,7
80,Org4S15D63_TATACCTGTACTGCCG-1,1,0.5,2,5,7
81,Org4S15D63_TCTACCGTCATGCTAG-1,1,0.25,4,3,7
82,Org4S15D63_CGTTCTGTCAGTGTGT-1,1,0.5,2,5,7
83,Org4S15D63_AGCTACAGTTGCTGAT-1,0,0.0,1,5,6
84,Org4S15D63_CCCGGAAGTAACTTCG-1,1,0.5,2,3,5
85,Org4S15D63_GCTACCTAGGAGACCT-1,1,0.3333333333333333,3,5,8
86,Org4S15D63_CGGAACCGTCACTCGG-1,0,0.0,3,4,7
87,Org4S15D63_CTACATTCACACCTAA-1,0,0.0,2,4,6
88,Org4S15D63_GGTGTTATCAAATGCC-1,0,0.0,2,4,6
89,Org4S15D63_GTCTACCGTCACCGAC-1,0,0.0,1,5,6
90,Org4S15D63_GTCAAACTCATTTGCT-1,0,0.0,2,6,8
91,Org4S15D63_TACCTGCTCATCGCTC-1,0,0.0,3,5,8
92,Org4S15D63_TGCACGGCAGAGGAAA-1,0,0.0,1,6,7
93,Org4S15D63_ACCACAATCAGCTGAT-1,0,0.0,2,4,6
94,Org4S15D63_GACCTTCCACAAGCCC-1,1,0.3333333333333333,3,3,6
95,Org4S15D63_AGCGATTGTATCTCGA-1,1,0.5,2,6,8
96,Org4S15D63_GAGTTTGCACCACATA-1,0,0.0,1,7,8
97,Org4S15D63_GATCATGCACACACGC-1,0,0.0,1,7,8
98,Org4S15D63_GTCCTCATCATTCCTA-1,0,0.0,2,6,8
99,Org4S15D63_GTGACGCGTACTCCGG-1,0,0.0,1,6,7
100,Org4S15D63_AAGCATCAGCAACTCT-1,0,0.0,1,7,8
101,Org4S15D63_AAGCATCCAAGCTGCC-1,0,0.0,1,6,7
102,Org4S15D63_AGCATCAGTTAGGAGC-1,0,0.0,1,6,7
103,Org4S15D63_CATGCTCGTCGTAATC-1,0,0.0,1,5,6
104,Org4S15D63_TACCCACAGCATACTC-1,0,0.0,1,6,7
105,Org4S15D63_CGTCCATGTACACGTT-1,0,0.0,1,5,6
106,Org4S15D63_GAAGGACCAACTTGCA-1,0,0.0,2,5,7
107,Org4S15D63_CCTAACCGTGAATGAT-1,0,0.0,1,6,7
108,Org4S15D63_TCACTATGTCAATCTG-1,0,0.0,1,6,7
109,Org4S15D63_TCGGGTGAGATTGCGG-1,0,0.0,1,5,6
110,Org4S15D63_TCAGCAACATCCTTGC-1,0,0.0,1,5,6
111,Org4S15D63_CGGCAGTTCAGACAAA-1,0,0.0,1,5,6
112,Org4S15D63_ACGGGTCTCGCTAAAC-1,1,0.5,2,5,7
113,Org4S15D63_TTGTTCAAGCCAGTAG-1,0,0.0,2,5,7
114,Org4S15D63_AGTGCCGCACGGATCC-1,1,0.5,2,5,7
115,Org4S15D63_TAGGTACAGTGGAAAG-1,0,0.0,1,4,5
116,Org4S15D63_GGACGTCAGCTCCCTT-1,0,0.0,1,3,4
117,Org4S15D63_ACTTCCGGTATGCGTT-1,0,0.0,1,7,8
118,Org4S15D63_GGGTTTACAGAGAAAG-1,0,0.0,1,6,7
119,Org4S15D63_GGGAGATAGCAGATAT-1,0,0.0,1,5,6
120,Org4S15D63_GAGACCCTCATGGATC-1,0,0.0,1,6,7
121,Org4S15D63_GATCCCTAGTTCCGTA-1,0,0.0,1,5,6
122,Org4S15D63_ACACTGACAGCGCTTG-1,1,0.5,2,5,7
123,Org4S15D63_CCTACGTAGACAGCGT-1,0,0.0,1,5,6
124,Org4S15D63_CCCTAACGTGATCGTT-1,0,0.0,1,7,8
125,Org4S15D63_ACTTCCGTCTGAATCG-1,0,0.0,1,6,7
126,Org4S15D63_CAAGACTCATGGGCAA-1,0,0.0,1,5,6
127,Org4S15D63_TCACAAGGTCCAGTTA-1,0,0.0,1,6,7
128,Org4S15D63_AACGTCATCCTTCGAC-1,0,0.0,1,6,7
129,Org4S15D63_TCTACATCAATTGCGT-1,0,0.0,1,6,7
130,Org4S15D63_CTGGACGGTTGCCTAA-1,0,0.0,1,6,7
131,Org4S15D63_GTGTTCCTCCCGTAAA-1,0,0.0,1,5,6
132,Org4S15D63_CTCTCAGTCATGTCTT-1,0,0.0,1,4,5
133,Org4S15D63_TTGGATGGTGCAACAG-1,0,0.0,1,6,7
134,Org4S15D63_GTTACAGTCCCTCGAT-1,0,0.0,1,5,6
135,Org4S15D63_CTGTAGACACCTCAGG-1,0,0.0,1,5,6
136,Org4S15D63_GAGTGTTAGGGAGGCA-1,0,0.0,1,5,6
